"Id";"Designator";"Footprint";"Quantity";"Designation";"Supplier and ref";
1;"LEDlights2";"LED_SK6812_EC15_1.5x1.5mm";1;"LED_ABGR";;;
2;"Temperature_Humidity2";"Aosong_DHT11_5.5x12.0_P2.54mm";1;"DHT11";;;
3;"Y1";"Crystal_C26-LF_D2.1mm_L6.5mm_Vertical";1;"Crystal";;;
4;"5V2";"BatteryHolder_Keystone_2462_2xAA";1;"Battery_Cell";;;
5;"22pF2,22pF1";"C_1206_3216Metric_Pad1.33x1.80mm_HandSolder";2;"C";;;
6;"Voltage_Regulator1";"TO-263-5_TabPin3";1;"LM2595S-5";;;
7;"R1,R3,R4,R2";"R_1210_3225Metric_Pad1.30x2.65mm_HandSolder";4;"220";;;
8;"SoilMoisturesensor2";"DIP-8_W7.62mm_Socket";1;"LM393";;;
9;"U1";"DIP-28_W7.62mm";1;"ATmega328-P";;;
10;"Lightsensor2";"Broadcom_LGA-8_2x2mm_P0.53mm";1;"APDS-9306";;;
11;"Pot";"Potentiometer_ACP_CA14-VSMD_Vertical";1;"R_Potentiometer";;;
12;"OLED1";"WC1602A";1;"WC1602A";;;
